SHA-256,start-date,end-date
5eb79a2a5c11198789c72134c795995ee69430aff2c4b467e9fceccc9e3c44a7,2021-11-03T22:09:16Z,2022-02-01T22:09:15Z
a7b0ce66b54282a71d4173edf1d3ab9c61c936e9e88aec5d0095491fb51399e1,2021-02-03T00:00:00Z,2022-03-04T23:59:59Z
4a9257d2556c6882ae3c75b1ddd28615373450ebb1d4e84d320c95648bc5999f,2021-11-03T22:09:16Z,2022-02-01T22:09:15Z
ea58377e9153316bc02a41e26954578951b2942593837c0269a0a82c0ed27764,2021-11-09T07:27:29Z,2022-02-07T07:27:28Z
b86cd5a7b8be6e59f8f89f4a253b38a943b6cd025d2dde90e08a4a6fbd8f1d11,2021-11-20T23:20:53Z,2022-02-18T23:20:52Z
1759d9fb176b934cbb3c8179805421cf97bab5178d65cd1fb80c0a5d8391061e,2021-11-09T07:27:29Z,2022-02-07T07:27:28Z
6e2849054427383bba66dbd5fab7996acdaf80dc7eff4bf6e3f9b954adc7fe25,2021-12-11T20:52:16Z,2022-03-11T20:52:15Z
e24375e7ed3c73ddd3e30b4120519940548bf628919b3a39126b23f159903a70,2021-11-20T23:20:53Z,2022-02-18T23:20:52Z
d974836a6692a14af62a8f91b0cae2e7c93679ed9ac81867f0607f6b4b069c34,2021-07-07T00:00:00Z,2022-07-06T23:59:59Z
06f3c40b592242c85449ec2fc4bf2f20afd5a04f3903108bf87fb2d9ff5cef19,2021-12-11T20:52:16Z,2022-03-11T20:52:15Z
f1b56bdeabbd73c53430e7552353a8ad0fdfc2ab03d793e79e433ab11a2cf7a8,2022-01-04T00:58:17Z,2022-04-04T00:58:16Z
d0282d55bc1d5265c47e714359443855dcd6610688296f26cad2b3ab978dfc47,2021-11-12T18:20:22Z,2022-02-10T18:20:21Z
538f616f9a6c0c4ccdf6e9ff2c53fe1528b59f6cd2a66b4aa049e0e939a30f38,2021-07-07T00:00:00Z,2022-07-06T23:59:59Z
527ae09a90cdbdbb17a878d16db87ef469720330d5f65a3673f2290eed951026,2021-02-03T00:00:00Z,2022-03-04T23:59:59Z
d8cd90ddfd0790a5bddb070205cdc86009ff6213a12dd39884f501153c8ae48d,2021-11-12T18:20:22Z,2022-02-10T18:20:21Z
3b1ec6086c3825d75acefde06b79181bb626c86ebdc06b174156773df86ef7fd,2021-07-07T00:00:00Z,2022-07-06T23:59:59Z
3b7dde9b2a40962878bb8404da0947b45482f5a42abc4567b804dcc4167bf7b1,2021-11-12T18:20:22Z,2022-02-10T18:20:21Z
efa477b09feb8936b593db843bf48241e1a65959b4816cb35e9e891514845a57,2022-01-11T17:21:40Z,2022-04-11T17:21:39Z
fba7e5d651ac0a4a1f4a26d1518e9c0f06003a9f2aa99a5c3286961d6c7ebae7,2022-01-11T17:21:28Z,2022-04-11T17:21:27Z
0e04498222a544331ea034edda76433d2a16bef9182de1478e340057759ae62a,2022-01-04T01:46:42Z,2022-04-04T01:46:41Z
4cb9da65707bd3b543d861d27a4587b063938a74a22efb324db76847372e60db,2022-01-04T00:58:17Z,2022-04-04T00:58:16Z
6a4c1e1775efa17cc749b69b057782245079c6e7dee9de4c5f215e6e36f18693,2021-11-12T18:20:19Z,2022-02-10T18:20:18Z
4e2dd3d7fca34c4568c807a1282806365148110c759ee28d8f00bc54c2416465,2022-01-04T01:46:42Z,2022-04-04T01:46:41Z
0995d38a76086345a84127776d86044b7de10d3c809bcf4dbed27f0102c117fe,2022-01-11T17:21:40Z,2022-04-11T17:21:39Z
40e26db735e301cdd71c88729bb6b756919d7343bcd8dd804473da00234face9,2022-01-04T00:00:00Z,2023-02-01T23:59:59Z
a2f8e687752c313d0496ba21451932370ec37c7274db4f19697299104b9392f7,2022-01-11T17:21:28Z,2022-04-11T17:21:27Z
59db29bb916b88eafb8c9358f9b758638ac49dc0ed782b3896517796c5a158d0,2021-11-12T18:20:22Z,2022-02-10T18:20:21Z
2a81e67254ce40dd6d3a804cc7811887a45175ee43e44104c71b262701a89e6f,2021-11-13T16:43:31Z,2022-02-11T16:43:30Z
6592314a64b8e4d39af7adda576822bf98ad214b670b4f4f2f0b2eab780c0f4e,2021-11-13T16:43:31Z,2022-02-11T16:43:30Z
69cea3b02b94e08aa06c24ed50df9c37deda61a9327ed0410e34257e1a63045f,2021-11-12T18:20:19Z,2022-02-10T18:20:18Z
52ffee2242a1ce1d48217d5b446d78d6b848e8bd3a826e8eec016f4578de4aac,2021-11-22T18:21:52Z,2022-02-20T18:21:51Z
bb2b45680745b58d827e4b41f3382241761b16faf388384e53f9a2a30f8d2964,2021-12-26T15:05:04Z,2022-03-26T15:05:03Z
6742fad75eb94713e731d66892ebb0eb9d3a5015d507256d643d00be095d4767,2021-12-02T22:18:00Z,2022-03-02T22:17:59Z
160ef9f1e47c841f02713878638b4fd791f28f4439dd1f9b84f93cd3702f60c9,2021-11-19T13:16:16Z,2022-02-17T13:16:15Z
e80658e1cac2d9bfc2a5f691c88d39ed762ecf5bab927b867e72d7fac20743d6,2022-01-11T17:20:22Z,2022-04-11T17:20:21Z
721d424e74bf2595342cb7462eb185414efcb82d9826019a5eb6f1a9dab5a04f,2021-11-22T14:33:29Z,2022-02-20T14:33:28Z
2203632686cdf8d9a7dcbc7aabdf288e50ad82037b6486faa1170a2e6151889c,2021-10-16T23:40:49Z,2022-01-14T23:40:48Z
90814bd0868b1c661dd4e856dd8cd6548cd7d59d45927f6b4db35eccd2c7a342,2021-12-26T15:05:06Z,2022-03-26T15:05:05Z
8ee2d4b1ebfc3f517dfb63d40292291f7042b904651dcdec2cb5781280248fb0,2021-11-12T18:20:29Z,2022-02-10T18:20:28Z
c2324388e9b356c5e4c3d80c26012ec7f90d151cf68774c5ffd155aa8a520ae9,2021-10-24T11:42:58Z,2022-01-22T11:42:57Z
32e23c1c959d661f51d6dd41a4d14388a5694fe382522d208faaa7b0e666290b,2021-11-13T16:43:57Z,2022-02-11T16:43:56Z
017b3a84bf394f81030def73bde229b06d042d50cc8d602308ef9a084253ad44,2021-12-01T12:03:31Z,2022-03-01T12:03:30Z
8fe5927a0c288683adf5edcabd3664ec0bf490b7a60f32bf7f566a986ce89eec,2021-10-26T22:45:07Z,2022-01-24T22:45:06Z
d0f120a9d91ddc802c665ae76903267645d2cb426a0de8912433a99f0ee8da93,2021-11-19T13:17:19Z,2022-02-17T13:17:18Z
90504e0a708ff20eea269ce1842ffdaf71f6d36138544ca16c8c68fc5e266a99,2021-11-13T17:34:15Z,2022-02-11T17:34:14Z
78cfcbba1b446f7a614d35639bcf43ff563aa61da4d927d98ea8b5e4a1a7fb35,2021-11-19T13:17:20Z,2022-02-17T13:17:19Z
867423347d65563171c130b72c1b6eef26298f9748205c2dd7f47d8e5c35c314,2021-10-26T23:00:39Z,2022-01-24T23:00:38Z
e35514890de7d2ee24962c7005508a51612ac7edab34f61d9a343e6ba6026f93,2021-12-29T21:47:10Z,2022-03-29T21:47:09Z
2ccb6e9d42a7b73d2c5ee827c0ed9873a707f29a75abc5bc395802c8c602b250,2021-11-19T13:16:14Z,2022-02-17T13:16:13Z
fc61d0dc34f96e46e5091dbcc111dbd569e1cbfab9aef5f3d1245cb9483e577f,2021-11-19T13:19:24Z,2022-02-17T13:19:23Z
e4b3ce3ebd246598887cdb0ed5af5fb59360f9e8ad367a54a8210b2bff761176,2021-11-19T13:18:19Z,2022-02-17T13:18:18Z
cd818726514af828d941a191ddd28dd771dc7d8a2dc3dc76698289adec1c6dc3,2021-12-14T02:03:09Z,2022-03-14T02:03:08Z
4121b44d6de072c4b2de6161de8143b24ea77a47bec82b4999351a6b80501dad,2021-11-19T13:16:15Z,2022-02-17T13:16:14Z
16a96782df746ae9c6c020dd78a284923ba0f824ea20faa7a82ea3957eb23848,2021-12-12T21:04:33Z,2022-03-12T21:04:32Z
d988fce51e28b0a1ad834027f4664cbbc00f8295e366c5f08755dd8ee978017e,2021-11-19T13:19:24Z,2022-02-17T13:19:23Z
e4ed1932ecafe8361a8e49c86169037a814905cc45d3af1dd022a5e410b9e771,2021-11-19T13:20:27Z,2022-02-17T13:20:26Z
bc37c5c996f070f0ccb7dff0c588a20f4f7769b71091d18b9b6e66a0055ca9e5,2021-11-11T12:37:10Z,2022-02-09T12:37:09Z
0e138df441004d8a6a33443aa365f0519a1163275cb0240499c67fd53c4629c5,2021-11-22T14:33:30Z,2022-02-20T14:33:29Z
67e9c4ee6956e52acfe31265e096e8e658c62208d48069ee1f2e59fecc1414d1,2021-10-27T00:00:00Z,2022-01-25T23:59:59Z
e4767254fa4d917366f186e5fe7fcc747972ff1e6c0ff17a0016e4376f868015,2021-12-08T22:49:30Z,2022-03-08T22:49:29Z
a36d5add265ce786b0dc2bd84478fac8d6bba46dde9e86cb6c74d9375fe6b07e,2021-10-24T11:42:58Z,2022-01-22T11:42:57Z
86e7a84659b34f9b0a50b8c72bb018fe3ad0766eecc188ee895ebc73035e46fc,2021-10-13T20:49:05Z,2022-01-11T20:49:04Z
29dad5de070e893284a26a5bd212cf5b4dd81628083db2bbc343107196b418c1,2021-11-22T14:33:29Z,2022-02-20T14:33:28Z
a71a8d65738e7566e40d97b2fa3e344fbca4e8b94641a670f09992e76f42e39d,2021-11-19T13:18:19Z,2022-02-17T13:18:18Z
e4d55eba5cf49d34721192edf7882bb85b8b88965f05efb263d3d8cfb6f9ac87,2022-01-01T17:26:52Z,2022-04-01T17:26:51Z
8f79f98f4609f60da93f72154010e4d69d899a330295b0b64f81e5d844a8ee8c,2021-11-22T16:05:24Z,2022-02-20T16:05:23Z
6f0db4de47f370b02c2867ae7bd2941f5e5a6bcde6d9b01f05af131a1cbc0f0b,2021-11-03T13:36:10Z,2022-02-01T13:36:09Z
c63316d3501687133f68d73abd38abfa64e50965e9606ad7e3230f0b045f9375,2021-11-19T13:18:24Z,2022-02-17T13:18:23Z
68b14f2a302603b5802210a459f23d82f3b7c38f346ee2b93994c1455b6c5709,2021-12-01T16:52:54Z,2022-03-01T16:52:53Z
7913a03eef75fb562c5ad921df189f687f1d3f67948730d23bb32b81f5d401d8,2021-12-25T21:54:57Z,2022-03-25T21:54:56Z
a2b3b0563b5832b973065eb6118c25c73b8af775b3bdb1f888735632e7fbce84,2021-12-25T12:47:59Z,2022-03-25T12:47:58Z
6e7209c6ec4860b580d44c9c144a5611d567f8cb24c264fb905822a257d3fb04,2021-12-14T02:03:09Z,2022-03-14T02:03:08Z
fd7b2362a7d1f1e25d4c25863b0385b9f12955a77a836bbd8bea33e78ca07df4,2021-11-18T17:49:47Z,2022-02-16T17:49:46Z
f9db193e148b111b400460b55abc9817ee87698374fbf269665fc1d2b5ecce0d,2021-12-17T16:30:31Z,2022-03-17T16:30:30Z
1bde0374fe121b83eaee5305043961e39057cdab9f2a5114e709f008c0a3b208,2021-12-26T15:05:02Z,2022-03-26T15:05:01Z
e0c6f03b30ea12503d7e7dd5a7d916f20d364cf7d8e013b6d7612ac5e0ae87e1,2022-01-11T17:21:36Z,2022-04-11T17:21:35Z
63a0da8c64d58f394208cdc52b65acd1dbb98732813d450b8539fa9475a5aebc,2021-11-30T17:58:17Z,2022-02-28T17:58:16Z
36824f96a71483a7a2e0f6dd3be70bd37011ac3ee2e0bd15fc64fef1439c0968,2021-10-26T13:11:05Z,2022-01-24T13:11:04Z
ebf6068a419861a1be8e4d78a558791e71b3770d982aba0b60feb36221702d9c,2022-01-11T17:21:36Z,2022-04-11T17:21:35Z
c5dc110eb325bee8e168d2027b04e7c06b80130f724c47ac19d69b0a72df93dc,2021-11-02T08:35:38Z,2022-01-31T08:35:37Z
a9965a99cf87b12b94aaf66ccca5a722240fab9d78fb6f79377c5bff7660cfec,2021-11-22T16:49:05Z,2022-02-20T16:49:04Z
422bc6bac9120c30df8e2b1ee237abac320ce97e485a6fe3b5dc370ccc542f2a,2021-11-22T05:55:27Z,2022-02-20T05:55:26Z
9e26cc7bf9187382b93fa79145ad6918787d2dd037855fd53e0f0da194302f7e,2021-11-19T04:26:39Z,2022-02-17T04:26:38Z
fd61667515d63dc07e2415769ba73bf5dfb2c810dbcd9e27c981db89eb085960,2021-12-25T21:55:03Z,2022-03-25T21:55:02Z
9ed7f12e712bb4b54a71ac0cb9d18c2c8a247ebb1b853dd2326c2c2a7da2f783,2021-11-30T17:44:57Z,2022-02-28T17:44:56Z
b5bcc79c25fefb62ffb778eb546a455a86ed7124a602dc6fb87dfeae97abfb10,2021-11-19T13:17:16Z,2022-02-17T13:17:15Z
828ff7f8592322558e95011f1460c8a075ad19da18a12803b903283f1959f9ff,2021-11-10T16:41:24Z,2022-02-08T16:41:23Z
096c6b7fc16c4c0447485805d520d2c8e02a721ea118b609861b10cddcbd7bc0,2021-11-19T18:48:25Z,2022-02-17T18:48:24Z
5d84606aa2f809afddaa6b284a374fae1500c73155646db4c1e815bc0d55648e,2022-01-11T13:53:46Z,2022-04-11T13:53:45Z
83d4dee66bf2b545ca8fa8e4615b68969e165545487b85332f905f2e75254c14,2021-12-01T16:56:33Z,2022-03-01T16:56:32Z
d9ca2ccd16a5b6d171f2169cbf768c8470d128ad53206122c35199e52a420bb8,2021-12-12T21:04:33Z,2022-03-12T21:04:32Z
78a32b4905859841af9db608a6a9fe9069ba0c492bb060ee8e32902d24ad9fd5,2021-12-13T15:07:51Z,2022-03-13T15:07:50Z
4c43239d1b84c358f3f7f82d301d1aa5eb7b641bd488d1d717c40088e02f4ae1,2021-11-12T18:19:27Z,2022-02-10T18:19:26Z
bba7aa0baf13461ffa20efd5dcf51ac1be872f09ad9059ab973b018f0d77a384,2021-11-01T15:57:29Z,2022-01-30T15:57:28Z
435097d9cd81460b833f3d91ef5c0279c23c8729fd927ddae7aeaf69d05142d9,2021-12-25T21:54:44Z,2022-03-25T21:54:43Z
c2cb5b8309fed1118e8487e2a4eb8f3a15fa44c908ae303bf8eab77840754048,2021-11-19T13:20:27Z,2022-02-17T13:20:26Z
bcf38cb1d22ca05bd8b99b5f0bbffe55f174f681d64bc72aeb1c4c6d3ea20ffc,2022-01-10T13:09:40Z,2022-04-10T13:09:39Z
70f9549cae872487419047a22b2a525bfc3c9cf490ba9e8fe08ad16234ca4c45,2021-11-10T16:36:12Z,2022-02-08T16:36:11Z
dfc6ea93575f80ec253ad153329193e0c4881bbb650d6c0c03934efbb7bba7c0,2021-10-26T23:00:38Z,2022-01-24T23:00:37Z
889ffcb4d4f6fe109b6d44be27b6e0ead232138b7136678c9a5ece43c57f851c,2021-10-13T20:49:05Z,2022-01-11T20:49:04Z
e39f11e1cb4316a4deb4c77fd568b77be812229168489008d95eae27c5692b09,2021-11-19T13:18:22Z,2022-02-17T13:18:21Z
bd19ec66760e89849ffcd669bbabf3b25f26bd1effb3a2c1bd68b85aaf01133c,2021-11-19T13:19:26Z,2022-02-17T13:19:25Z
b9c3f39583ec6cd3b6d4c3c5d0ab66c1cc94e1ec58967c17d365b69d30027567,2021-11-30T17:58:17Z,2022-02-28T17:58:16Z
a929ce0fd5a16e9f1071a3067951f190cc4da45942a48a9b243021fd2a4cd872,2021-10-22T13:20:09Z,2022-01-20T13:20:08Z
747826bd92e35e1ac1ce3e91f643ad4b69dbc8d30c78f03d4dc0064971321937,2021-11-19T13:17:20Z,2022-02-17T13:17:19Z
afdf98b1f153e473ba8dc7e2fe7aae7274b270665eecaa274c4d06eff01bf95b,2021-11-19T13:17:20Z,2022-02-17T13:17:19Z
32619fa0ab8b78095357aee93afebd66b5b645bd527a32d99074300d0e858487,2021-12-29T21:47:10Z,2022-03-29T21:47:09Z
7681741bd1949bd44497f0010fac251164ff2a620855ef5a364e87f2c7220a7d,2021-10-26T22:50:31Z,2022-01-24T22:50:30Z
3285871549c61cb5ae41f0e29d0bdab141fb784fff3759337135c96a8a317828,2021-11-19T13:19:26Z,2022-02-17T13:19:25Z
5c0d83062dc70652a25cb2fa11a161cfea697a21e4ccb70786f836c939dd248b,2021-11-19T13:19:26Z,2022-02-17T13:19:25Z
aae5ead15d6a4a115a4e20a7a62a2f46fe12e52398c7bb08692259b673e0477c,2022-01-11T17:21:40Z,2022-04-11T17:21:39Z
940e6d346774179f7c3f8a7793d4bc16b00f906da2cb33d44274eba366bb8efb,2021-11-12T18:20:31Z,2022-02-10T18:20:30Z
698b899d138675228a7b37f55bcc9b7dafa1f20d15b4b150ad92421c2983cb00,2021-11-13T16:43:57Z,2022-02-11T16:43:56Z
26c22952adc72ba09d4ec11f199c5cb75477604f665368eedf2d7e763cda9d15,2021-12-25T12:47:59Z,2022-03-25T12:47:58Z
1749fa04141b416fbd442aa9589d7bd2be23c958fa193f51cac8b879542242d4,2021-11-12T18:20:31Z,2022-02-10T18:20:30Z
8704bc7d390741acd7de614a66fc700cc525a9948fb1e35e79f05e48d83f363f,2021-12-29T19:25:56Z,2022-03-29T19:25:55Z
b5d77da7b601f0da88d061dad060c615ce550cc8563595a0175e185c20e648d7,2021-11-19T13:19:24Z,2022-02-17T13:19:23Z
0424a9a26780b88e84e1d6b5b82986c67b0b9965957341072a5c6ca0a7500e51,2021-11-26T17:27:45Z,2022-02-24T17:27:44Z
a15c2faf9b795068460b27d574fc308b9784588ad3e1b8d1d440da9e52fa2dde,2022-01-11T17:20:22Z,2022-04-11T17:20:21Z
dd6ed4eeef76186daaf921c0bd3ddd20e2a61d3c43431439a7bd2dd4131ebb84,2021-11-12T18:20:21Z,2022-02-10T18:20:20Z
414a351a0faf686393820427609d581531a57b59a358708905255b27880f5bd7,2021-11-22T16:49:06Z,2022-02-20T16:49:05Z
438860910edf5bb583bb822d3696e5af88a0f44586da790600423880928a4ec0,2021-12-25T21:59:35Z,2022-03-25T21:59:34Z
03c12906d5b1a07721aaa6adb804e949012378a6ff571e39e14d3cd0ccc93d0d,2021-11-13T17:34:16Z,2022-02-11T17:34:15Z
460771a70a95e85a844d07a47158861f2bd3ab887ab292140aa3cab41c43bb5f,2022-01-01T17:26:52Z,2022-04-01T17:26:51Z
644f1405760f41bc4dbbbd9de6f89eafdda0f07a461d37c860ef0a01c840edd8,2021-11-19T14:15:17Z,2022-02-17T14:15:16Z
583e4b7c5d1c2334d1cb0e07b2dca15b6124b5a43f0e3d11b75b26f6e3d4e650,2021-11-11T12:37:10Z,2022-02-09T12:37:09Z
f003c28e9c428d3d21b71621659a04a2167b185ea323df24b42d0fbc966dad8f,2021-11-23T15:16:11Z,2022-02-21T15:16:10Z
f0c38f3522309cf62035fe374a799edc8391e9da204feafd1c6c608d943f2a99,2021-10-26T22:51:03Z,2022-01-24T22:51:02Z
fa9175adc3a43568723cb5a98ee03e1803c5f60145c81ce3efcc1c4557f04430,2021-11-19T13:18:19Z,2022-02-17T13:18:18Z
12895bf0b677f9c902729ec34184a132ec8a3f84c4fe585b1305ed2dc4efa6ae,2021-11-19T13:17:19Z,2022-02-17T13:17:18Z
72962b5b7a45f8748bccd0c80e8907feb15925c37eee16470cf829782be09a6b,2021-11-12T18:20:33Z,2022-02-10T18:20:32Z
7bcdc22cd768597dadd15e851614755d09e382db12b294c998402e9c86b1cb2b,2021-11-19T13:19:24Z,2022-02-17T13:19:23Z
5b2b04af9a3b640d43ae2a0b7dd9db8522a649de372f0c57c98c842629ea03f1,2021-11-12T18:20:29Z,2022-02-10T18:20:28Z
d68a2e06f84ad603333cb6abbae935f0f3bb4496ed3887a97a3a3d5f2184466e,2021-11-19T13:17:16Z,2022-02-17T13:17:15Z
ff3065fdc990ae2162c60b2857377522ed1bd1069424f238dd9b1ec6aa3e4be7,2021-11-19T13:16:13Z,2022-02-17T13:16:12Z
4c41a1c5bfc377118afe6ef1e605ddd806499ca953336ff517fb496b783c5736,2021-12-26T15:05:06Z,2022-03-26T15:05:05Z
d36f950165793770339bf62961467817cf8737ff32e6e908f351c381c3a8ae40,2021-11-21T10:00:25Z,2022-02-19T10:00:24Z
af3c41a02e7ecf189af69ad637b2da611df4d44cfe4db0e31e194be1458ccfca,2021-12-08T22:49:30Z,2022-03-08T22:49:29Z
f58623b503ae2d330eab9752688aa861d0711977fd3223766955fb79ce7eb27f,2021-12-25T21:57:59Z,2022-03-25T21:57:58Z
2fea198ecbf329400065a02fe1e4c7e25fc3d4d23b73f7e4e77b734db4440047,2021-12-01T16:56:33Z,2022-03-01T16:56:32Z
815f1dbc4d68e64fe2316bb4a628b6de43196dbd77be0da6aef55aadd242c545,2021-11-14T12:03:08Z,2022-02-12T12:03:07Z
395df9d527bdf00f0b8e293ca1cb0fde514c00d53bbefcc27a9e0c096ee4c2e2,2021-11-22T06:02:48Z,2022-02-20T06:02:47Z
6b35111795792846d9cabeff4f6ca908e27e60c29e408d820fd974b51d8dba3a,2021-12-26T15:09:41Z,2022-03-26T15:09:40Z
5d563d2fb5f5a8728cb1685f0e9e0e1696471a9614e81e2aec53255cc50f0f71,2021-11-19T13:18:23Z,2022-02-17T13:18:22Z
10921044fe883e251e8c5f860653c0fa4391fe0664388acfdf7e069d02cf5a08,2021-11-23T20:38:15Z,2022-02-21T20:38:14Z
5922dc88db71d0642600acc3fd4d97e1f2880f7598ac220d021d8015da766e26,2021-11-19T13:17:16Z,2022-02-17T13:17:15Z
6a730a777ab10a1571125a853461708d9140f2696cb0ad2bde47020c0f507237,2021-12-26T15:05:02Z,2022-03-26T15:05:01Z
ff429b6acd8666ad14515df15d288bb89323c2bb9944cef96618d5b3eda148f1,2021-11-12T18:19:18Z,2022-02-10T18:19:17Z
605fdfa2dd143b3b203babbae1879e85b9a54f564c3ec20d6e44711ff0495ecd,2021-11-19T04:26:39Z,2022-02-17T04:26:38Z
5731cf478e7a9c8afd64b23bb7173ef0d689393fd7fedb74efbfcd0032707973,2021-12-01T12:03:31Z,2022-03-01T12:03:30Z
229edd4ea7f5f6a381fe5adf4f3be85c7ea4b561ee024fe7837c90fa6905ea7c,2021-11-02T18:24:43Z,2022-01-31T18:24:42Z
0f5dfe120e8e85d8c9fccc0fba7a9bc160dabe0d9a18378c4ae4091c0eb41084,2021-12-26T15:09:42Z,2022-03-26T15:09:41Z
8f0f8f1ea9a62477e3c2227138d7de951e48d71646a7bdfd4c3567210decdf61,2021-12-23T10:43:27Z,2022-03-23T10:43:26Z
581771ec9f6da4912fc810b3995966398e7634cbc86f40ac2f7a839a6a08d4d4,2021-11-19T13:20:27Z,2022-02-17T13:20:26Z
3c5cf0a0525f3aeb9d780f7a4d12b1341746aa9fbf80d3a8fe526fb0203b9e7d,2021-11-19T13:18:19Z,2022-02-17T13:18:18Z
c6843e7b9f2d38708e219e2ab5111e68ddbcc32e428e5681991a4cefbb512610,2021-11-24T14:13:37Z,2022-02-22T14:13:36Z
9ab3a963097ea4da9f6b5e8e2c9cc7360e9b2c199866058aea75f116ac66cb3d,2021-12-24T22:28:04Z,2022-03-24T22:28:03Z
d94bd3840a6bd8d4e7b6caf3de956bd010fd7e0b32919bbefc474ef50df1f376,2021-12-25T21:54:45Z,2022-03-25T21:54:44Z
ec8ed617033ad118d89bcf43ebdf7ab9538470114dfdcb69b52cb02c12dfb242,2022-01-10T13:09:40Z,2022-04-10T13:09:39Z
7b680496c3f0c8444ff736a09121de571c05eacff7afaca0bee6705a57ef91b7,2021-12-23T10:43:27Z,2022-03-23T10:43:26Z
986f1b18dbecce33e3d01b95f097b4426f552a7bd749eb666fee85ca9a9c7c4c,2021-11-16T14:14:38Z,2022-02-14T14:14:37Z
7909d51c61dcdfb230c96144ac1955772a5e229ef2ad517140353cbd2acbe9e2,2021-11-19T13:16:16Z,2022-02-17T13:16:15Z
5b8f339f21ba45e8daf3f0440cc4573383044bcd79374e0c04628d72ac25312d,2021-12-14T01:51:49Z,2022-03-14T01:51:48Z
6625d4eabbc57c35537193f972f229761202fd7be1260934e2dbae07d4934741,2021-11-19T13:16:13Z,2022-02-17T13:16:12Z
8332b2fa300c23d5de11120f5e441a0f64432f3752223305b10da3a2fcd0a6ef,2021-10-22T14:41:20Z,2022-01-20T14:41:19Z
be34eab951d187ec2c7740042a97c3b82017ab944236d3b26951b560af21a20b,2021-11-22T05:55:18Z,2022-02-20T05:55:17Z
1bbbedb1b3bba00fdbe5a6bec81ba7f308b4cc37caf5a1e00f05cba84b2b85fc,2021-12-14T17:44:59Z,2022-03-14T17:44:58Z
820900549487b22c43ec775c08fb231751c7cf30dacfc5554710204fcc9af2c6,2021-11-13T17:34:15Z,2022-02-11T17:34:14Z
1a3131941b4f126afa85adde65cfa8a9ff8dc4938c149383e971d689a6729b0f,2021-11-23T15:16:11Z,2022-02-21T15:16:10Z
efe297916af357020fb837c4f2506057b67d78a95d97b85b757bed3c3f922c54,2021-05-15T00:00:00Z,2022-05-14T23:59:59Z
70859963be62f4519943131d1344f68f3922bd74ce27a2a0eba2db46564540d7,2021-12-26T15:04:50Z,2022-03-26T15:04:49Z
fd4cb31258b82ded4926680a0f404b22c0c8ce973a0758fb45b2a898993f3f84,2021-11-23T15:16:12Z,2022-02-21T15:16:11Z
a256355bcc9923786f61917fb8d2fa371451a52dbe829337fb670e5eb42f3d31,2021-10-26T22:50:23Z,2022-01-24T22:50:22Z
d5c9887d4e96455a384c72a44210b4d0288e25cddd1dc200ca7e7b8fd50a4eca,2021-12-08T22:49:30Z,2022-03-08T22:49:29Z
daeeb3a6df384933b9788c626a3a8930b25ae948d28a269ab8f1e4e77562b857,2022-01-11T13:53:46Z,2022-04-11T13:53:45Z
67fe1a592334e9ab3c3eb29996053982a70c2e1de87fcb09171fcda6e97686dc,2021-12-29T19:25:56Z,2022-03-29T19:25:55Z
f54ed6fe6410bbbc084812ab50017c05cf372f933611eacab579f3d815132b4b,2021-11-12T18:19:18Z,2022-02-10T18:19:17Z
cd707bc70606ca5d5cf4e979230a122b7adf013ec3758a987cc07d5c612b246c,2021-10-27T00:00:00Z,2022-01-25T23:59:59Z
a908ca533d56240846c1992390aaa288866964411af274459dc35d40fbedc950,2021-11-22T18:21:52Z,2022-02-20T18:21:51Z
14385cc0b9e190902af4a2b98d9e261a10d4fcec4cbe4ff6f57f0a74676a7a83,2021-11-22T05:55:18Z,2022-02-20T05:55:17Z
5c6f6255cfcbb6293726023a5be8a07a04f7dbf4f4f2035609575f7d48a7ea0a,2021-11-19T13:19:26Z,2022-02-17T13:19:25Z
275786564e74489e3ed4eaf1bf7f491573577fa603775ca990c2e48aa6c007e0,2021-10-26T22:50:23Z,2022-01-24T22:50:22Z
22736a0c26fafa2b225a710615eb33e12b73cb32e407092c63927b347711ec1e,2021-12-25T22:04:58Z,2022-03-25T22:04:57Z
a539259a3b6df0d205bf4e20d80e01117c57d61f2510e6c1f4ebb82d93970e92,2021-12-26T15:09:35Z,2022-03-26T15:09:34Z
8e2be35af87f84d04052baeee53544768a9044f50492922eb35b4e59899f1904,2021-11-19T13:17:20Z,2022-02-17T13:17:19Z
6d66869049a6ed59b3fcf2455e45af29a4192f09e8061bed577c47049a8b89eb,2021-10-26T22:50:28Z,2022-01-24T22:50:27Z
f048d9be9b49607f1643b94ae074a683e8c79cad73d1590a9a9d7376f616113b,2021-12-06T18:27:36Z,2022-03-06T18:27:35Z
ee0b73a0056587ad2a71a877cac37eba2855b99e07dc248665b20025825e0656,2021-11-22T16:49:06Z,2022-02-20T16:49:05Z
3977e92e7cdd73f05a9a532bb987a2f0c1b89bba7e0c5aa0a8adcee74368615d,2021-10-27T00:00:00Z,2022-01-25T23:59:59Z
47b23168e4e5fbd8fc2728cb7d369d7fde9fd8931222a1577353d7a1fab88dde,2021-11-23T20:38:15Z,2022-02-21T20:38:14Z
c2c0437519b081b5c52e1634e406edadb9e4ddd390e99fb0850224398ac6a739,2021-11-22T05:55:18Z,2022-02-20T05:55:17Z
a613e58db30bcc5349596f072e8f539974b772a60cbff4d00dce6451c03c4e9b,2021-11-10T16:36:12Z,2022-02-08T16:36:11Z
b92e21a19cb2b5db7eb291db11891e5e5cce52269d17ce9b9fe1a9f174d122b4,2021-12-26T15:05:15Z,2022-03-26T15:05:14Z
c13c860815a4ff8f7f1fdb6e20eccd427df4e3355be82716672dddf44d715701,2021-11-19T14:18:32Z,2022-02-17T14:18:31Z
e06b6232bcd3394b2f1272d9b0a0fbc9f7e88ef7943530d5baec390d36052822,2021-10-25T23:21:21Z,2022-01-23T23:21:20Z
c4d14d8e9b497d643bbe30bfc92a27ff6eb99c40b7d7103d251c89321276b794,2021-11-10T13:07:10Z,2022-02-08T13:07:09Z
199bd0900b71826e98c95fa8a9f5c794025cbf1d93b5f5a4a2a182994ab7e8e2,2021-10-26T22:53:02Z,2022-01-24T22:53:01Z
d1b2f5a68033af1cdee38fe56ef25d2052d9fa5e93654a71a93bd934e976c0fb,2021-11-13T19:17:09Z,2022-02-11T19:17:08Z
085cfcf691d3dc852c3a69fb6fb0cfd5454bebdc5142bfaa84814cba96aac313,2021-11-11T15:33:38Z,2022-02-09T15:33:37Z
898dd0f9e8f470174c729fc26210e4d239895358ab763683dff1df3c621ab26a,2021-10-26T13:11:05Z,2022-01-24T13:11:04Z
a1bd2952c1ce47faaa497384bb9beefc04c63623361d45567a436bd121d49213,2022-01-01T02:38:48Z,2022-04-01T02:38:47Z
269d57cf3527798e2036516a2d8d01903ff5abf3426c88205cc8be7a659c6afe,2021-12-13T15:07:51Z,2022-03-13T15:07:50Z
b4297380128eb834ceec975d2a765ec3249ab45579f8fc04d12e24c5581ae963,2021-10-26T22:55:13Z,2022-01-24T22:55:12Z
75777183d9eeae44a6814623bdc1880593dbe3b581ccf4731261d2155d507ebe,2022-01-11T17:21:40Z,2022-04-11T17:21:39Z
991836a0541ba0b6d828883eda6d3d55b5b1bdb882b4078e0bb65e740dd1d052,2021-11-22T16:05:24Z,2022-02-20T16:05:23Z
33d53126bcafdd6096b3afa9ee89351fb3b895bda68910b08e165a507525aea3,2021-11-09T13:23:44Z,2022-02-07T13:23:43Z
036c771290567c1a60fd8ee56a9242458457e65b7ac03407ef84e37c9b7354c6,2021-11-12T18:19:18Z,2022-02-10T18:19:17Z
1b0e2cd95f73a2b1a32ae3f491e607007d53d649703199a8fcfddc538c4669a0,2021-11-19T13:19:26Z,2022-02-17T13:19:25Z
0530ba24e8957363ed0803e752b5d998968f8f259aab2b073b2e1e9512f9a071,2021-11-23T01:28:22Z,2022-02-21T01:28:21Z
af1061c47dd16924d8adb471cbdaa0d0484ef6164e229997ce478ff8c49c5deb,2021-11-19T13:16:13Z,2022-02-17T13:16:12Z
06c25f1a2b15cfdb3aba4a5b22ecd7d93b6bad1c3f1a7f3512b8967e0e8780fc,2021-12-17T16:30:31Z,2022-03-17T16:30:30Z
61602ebefb4d35ebd73ae347fd90b9156a721058df9e8ce2bcd22a95b1d111c3,2021-12-15T23:41:05Z,2022-03-15T23:41:04Z
05f600d965c4c85507b025e9536256bacf808cebcb2ce506e3ae022abc45846d,2021-10-26T13:43:02Z,2022-01-24T13:43:01Z
cf7ba6178c64f4a0001e5d8a432737a41d6354a0ce1db713865890328ccbb617,2021-11-26T17:27:45Z,2022-02-24T17:27:44Z
db8cf6385c122949085818378edbf11bdbbf9c581f1610232711e375ee21fb8f,2021-11-19T13:16:13Z,2022-02-17T13:16:12Z
0b865b6168a1ed24765839ec395f4e93eb4705f0f6016f49a01f2d7f2c8b217d,2021-11-13T21:20:29Z,2022-02-11T21:20:28Z
827b4423131080f39a732d571d03ade1e2e2ea64ea47d9d436a591df52a2262f,2021-11-22T06:00:15Z,2022-02-20T06:00:14Z
81cc18f5283a20b1c30c6492383e9ba7dc8287f376afca1fd75709b858bee98a,2021-11-22T06:02:48Z,2022-02-20T06:02:47Z
1022455c969f997898eec057a34440a8b9c5a6c7ef44cd2e136d8980106711d9,2021-12-26T15:05:04Z,2022-03-26T15:05:03Z
170002f57561cc6a56f9cec9ceaba919ec44e329613407b39c474021365800fd,2021-11-14T12:03:08Z,2022-02-12T12:03:07Z
d81e5f7f96044342ca2a32a7e041ffde42e7ad642d54ee39f68c4e601144b702,2021-11-19T13:18:22Z,2022-02-17T13:18:21Z
8bb725e076baadaee55da3d0dc842011514c218819058557c152629afc80bb8c,2021-12-26T15:09:36Z,2022-03-26T15:09:35Z
7cdfc37d5b5c0daa006b13c3b52b21c8f7c4f5e02205be6675affbf1af2d9bfe,2021-11-03T13:36:10Z,2022-02-01T13:36:09Z
cca747b0b7a711d8671ae9d4947c1f008f48daedaeb2658f6a559a7029d7f124,2021-10-26T13:43:02Z,2022-01-24T13:43:01Z
5b4d573eff6f4f5750b05958b9ef0e97820bdc495bed566d726b739af63c043b,2021-10-22T13:20:05Z,2022-01-20T13:20:04Z
c596bca9e4095d58442d573db57fdb10208615da9ba847fb529c96d61a0c58fb,2021-10-27T00:00:00Z,2022-01-25T23:59:59Z
a06f081c0f02721ad37ea71afb79ac67b2506c1650aad66e9167c0cbd1695db8,2021-11-22T05:55:27Z,2022-02-20T05:55:26Z
58e3e5001b1c325d702593a1c9b9c257a0fd14b7686a189eee2506201adb2fa7,2021-11-24T14:13:37Z,2022-02-22T14:13:36Z
1cd942019c719195c18d2d6d412809ff0f8c41c49476e79c9b568b54091d413c,2021-11-10T16:36:11Z,2022-02-08T16:36:10Z
ba45b143227580e558d6eee6e27361da1f772d7659733b0e7f00a1c84c5f6e49,2021-12-25T12:18:02Z,2022-03-25T12:18:01Z
2a5c2d7c8b143155539ee751ea1ac9f2a9b186b2da39d1dc17171ca9450ff886,2021-11-19T13:16:14Z,2022-02-17T13:16:13Z
2517b3abf596efc07b67ae60a12e1d58d6429b79a7d90193d9bf485e0c8933ef,2021-11-09T13:23:44Z,2022-02-07T13:23:43Z
a87f8e8e6bb12f3a6ebfb6ce563f7403f84bfe634e6d89fbdc196e7c65de73c3,2021-12-06T18:27:36Z,2022-03-06T18:27:35Z
427248d7032de9a750bb0750e8bba8b467c500f165ee2237e2aa918aa0d4b3cd,2021-10-26T22:50:33Z,2022-01-24T22:50:32Z
d88035f262e73e8eac00f92aa6e199395a3b10cb87b9326394a675181af0a255,2021-11-12T18:19:18Z,2022-02-10T18:19:17Z
aab8a26237c159132a5c0c01f7964feeb74853a4a4875bb3c00a8b7956aa41ff,2021-12-25T21:49:31Z,2022-03-25T21:49:30Z
e5e905f4600e3bf0190b8f4382bc29901649aec61f3f45c24056b8843cb19ca3,2021-11-13T17:34:16Z,2022-02-11T17:34:15Z
2686eb1ede7a99241bb251a2c47a31fcacd5c65abf279d9bbe55bbf96652d3ed,2021-12-14T01:51:49Z,2022-03-14T01:51:48Z
78ad4a1234751c304b6497c140bb8139181ea8a963f09749d7fa12c222441590,2022-01-10T14:37:28Z,2022-04-10T14:37:27Z
886d159c6d37e495b2c8a120d81c8a111b0b3c9842f400e3ba04078aa92c1694,2021-11-18T17:49:47Z,2022-02-16T17:49:46Z
9d0d7a02f3cee3428e98f992f11220608f915f595150ca0af58967e4b82673ba,2021-12-25T21:59:35Z,2022-03-25T21:59:34Z
4446522822605c45c622892d8207b18f3ffd2cc0a86ce68cd6ef7b709a69169a,2021-11-21T10:00:25Z,2022-02-19T10:00:24Z
c9a70bf79ad4829893b7b778381503d98fd7ba954598c0e6e00e979b7941afae,2021-12-14T02:03:13Z,2022-03-14T02:03:12Z
60bcd93d93ee7f8be6e63461387d6e88ad981e108acab452b0f6f314695f8819,2021-11-19T13:18:24Z,2022-02-17T13:18:23Z
c1dc73a152b357491420b916af3f69093e246fa3599923e14e2a2d80a1109bc2,2021-12-14T02:03:13Z,2022-03-14T02:03:12Z
8622608f47c7aaaa7bafbe157a52ff6f64d6bbf10a49baaa78ecdf371823f4e8,2021-11-22T14:33:30Z,2022-02-20T14:33:29Z
ed256835bc9428b8c97f7ebc2e160c25dcbab632d5d9906fb9db63f13f2396e3,2022-01-11T17:20:22Z,2022-04-11T17:20:21Z
18ffe91d878fa3a76bc26761fa7effa9874c733379d8ffff081ac2e2ed1f3c45,2021-11-19T13:18:23Z,2022-02-17T13:18:22Z
963ad35d366a3d1021f11dabd773c39c232eba95c4e744d0148f88ee8fc5b9b0,2021-12-06T18:00:58Z,2022-03-06T18:00:57Z
818eb7fd0339fa7f53f29c9078686d6bf725f89dbeb2fdb7929659830df5caf2,2021-10-26T23:00:39Z,2022-01-24T23:00:38Z
8cd4c324ee5991d8b4f3ee9454d0cb62539370e13f8273a7ac8fe8cb91d07302,2021-10-26T22:50:28Z,2022-01-24T22:50:27Z
b5aa8759037c9a1781b2c945023f1b84122f13970b375f6d980b45b7b5ecd3d9,2021-11-22T16:49:05Z,2022-02-20T16:49:04Z
95694f9196a7519eefb999064b01dc9087446f6ad2f1bfcace7838dbf8246131,2021-11-19T13:16:15Z,2022-02-17T13:16:14Z
da032db9e0b0443ec381c055bf55c15363766545d36a4b4c6c48558c97bb33d0,2021-10-27T00:00:00Z,2022-01-25T23:59:59Z
69efa57b586f51b72f5c464924247c33625be1134d5bd62c3bf3647d99dcef78,2021-10-26T22:50:14Z,2022-01-24T22:50:13Z
9494a5f9807bd33473ac0dd1946ce09a24697d4df7e15d59b35d8912ef4e20bd,2021-11-19T18:48:25Z,2022-02-17T18:48:24Z
650b54dda55aeb8fb784f6c5894654693439894ca987e5ba2b592e849b6fd947,2022-01-10T14:37:28Z,2022-04-10T14:37:27Z
fbd0a30f0682fa60adf1d1ef154e62dea0743d2a3e706902b8aba4291472b82f,2021-12-01T16:52:54Z,2022-03-01T16:52:53Z
84636b7eea21960baf07f224388090f0fcc366e22a811f5f045819faa36efe58,2021-10-22T13:20:09Z,2022-01-20T13:20:08Z
6653ea0e5f9804e63fe038d7395e6c2904a8948bef73749ec762d04d7642aaee,2021-12-02T22:18:00Z,2022-03-02T22:17:59Z
448f364ca8855632d09e44f436b7e106f9667eeab8259ed851e130a3e0cdc9ea,2021-10-26T22:50:24Z,2022-01-24T22:50:23Z
203f7bea1928d7260f032f0410eab27acf5b20879746301888602995772abd8d,2021-12-26T15:09:35Z,2022-03-26T15:09:34Z
7c06a10223bd67dd82e04357bfbd69808997022e5f512c039f01ec8dbc457e8d,2021-11-10T16:41:24Z,2022-02-08T16:41:23Z
726a14a54792c3ba3015af52983d04a0829b0b274a75368c22120fab391724ec,2021-12-26T15:09:42Z,2022-03-26T15:09:41Z
abe0bc9a35b29b7d4fce190fd3b6d3e475cde2e66e152e118a8ac7e095b1121a,2021-11-13T17:34:16Z,2022-02-11T17:34:15Z
ab81f9839eea46451db662a67f40f501cb42511ab09f6fdbef8b6f61c32009e6,2022-01-11T17:20:22Z,2022-04-11T17:20:21Z
00ae3500774208e6a349a487525eae132601be9ee51bb3f0b92bcb3b0a8fc7cb,2021-11-19T14:15:17Z,2022-02-17T14:15:16Z
df3dc35af3c7e5c52aae032b1887c1b10a3fd6383f357e3593b0dd9c88c43780,2021-12-25T22:04:58Z,2022-03-25T22:04:57Z
9a416d1ca21db4e1faaaa7ddb3d744181f14fec5d7ae991f758159f1d5a2e061,2021-10-26T22:50:27Z,2022-01-24T22:50:26Z
852f6942729317b323d33254b650239a59ee91bdb80111846fd9d4430815ef19,2022-01-01T02:38:48Z,2022-04-01T02:38:47Z
42391be8a598e83fc50405d3971c60d4bb3bd6e04391a1461d924651e0dbeef6,2021-12-25T21:54:57Z,2022-03-25T21:54:56Z
cc4bb0958398a538165ebed0388ac097e6138e8f4caa27c828edaf86d5e2d01e,2021-12-25T21:54:58Z,2022-03-25T21:54:57Z
0588788542254ac1d12a1c8b2b05ac43c8d0fde82d9906f1c48b8aa5766ec7ae,2022-01-11T17:20:33Z,2022-04-11T17:20:32Z
25c79467437e5268d13b17763a1ae760d89f128d1759df7c5597cd95ca32ea68,2021-10-26T22:50:27Z,2022-01-24T22:50:26Z
e77ea437d0be142ecec2ad14f2cccacfbe3b75f31cfa63718163ab7d1322bc74,2021-12-26T15:04:49Z,2022-03-26T15:04:48Z
e0686b59f7c9c807fa95420851d86e16ae36df4ff2d7a585e75ea50eac8b3f67,2021-10-26T22:50:14Z,2022-01-24T22:50:13Z
392d78fec11958d638a6f58904a64be895ba5809830689d08ce390cf0fbf43d5,2021-11-22T05:55:18Z,2022-02-20T05:55:17Z
3d214c8ba0b9088e3d86688a6215a692183b84bbacbc28798a72991ab46773ad,2021-12-06T18:00:58Z,2022-03-06T18:00:57Z
4071ab7186bab001bc42a02bc9c5f5c9c18fe3b503e0c4399f910878d1f84c9d,2021-10-26T22:55:13Z,2022-01-24T22:55:12Z
287d36f9229cd3c860ccb36edb54a7a4f6f542ee24cce82303bead84f9a2ba3e,2021-11-30T17:44:57Z,2022-02-28T17:44:56Z
76ccf81457f93cccda5997330642825d970f937a4e2d1215c0fb342e4392c192,2021-12-25T22:05:14Z,2022-03-25T22:05:13Z
5e82b53c729598744616d59ad2ac36e6fb7c9ac5055ab274b070456cfd15193a,2021-11-10T16:36:11Z,2022-02-08T16:36:10Z
ea0525980cf3b8928a7e9cedc2f1eb434a4ecaabc175714ec3e5c4115c4a9796,2021-11-12T18:19:27Z,2022-02-10T18:19:26Z
a190a1c2d8e282b1df99c15ba4c13e8dd0869e363b702bef351dae2c20d03f06,2021-10-26T22:50:27Z,2022-01-24T22:50:26Z
8f4295c9c09a139e99ab8491b1cb6ebf168123a877463dc8c6a704fc8cb1cef1,2021-10-22T14:41:20Z,2022-01-20T14:41:19Z
c7cceefe9dd95c8de40b1f6330bc3915a690888dd940ebfe4b7b6e52f8d5bb35,2021-10-25T23:21:21Z,2022-01-23T23:21:20Z
bd011106ecbcdbc3678f22b177a19137f12aafcb7f1225cd453acbec87a10e04,2021-12-26T15:04:49Z,2022-03-26T15:04:48Z
a482f13b1de0b6c6d08316b0290233281f7fed087869ddaf9554e6c477ea9533,2021-11-08T21:14:46Z,2022-02-06T21:14:45Z
5ed327cf89747fe5b222336f98a4131d318a2a1b23fc23daa07fec47550d2527,2021-11-10T13:07:10Z,2022-02-08T13:07:09Z
f2904c46c154ed181e367de83afb927d460945125f881cb2c621935f0c7c5126,2021-12-25T22:09:31Z,2022-03-25T22:09:30Z
199cf8ad0a3f970311ccdc985bf2e2bd5029efda58f1816ee652cebc6e304cb1,2021-12-26T15:08:42Z,2022-03-26T15:08:41Z
47495b537ca12f037a0b56041582fc48a6461f570b478454d9a44a3c4d9346ef,2021-12-26T15:04:49Z,2022-03-26T15:04:48Z
d95bf694f272bc30c30c7eaba29bedcea6ae1bfa4ef1d8c2b8afc96c95b46dfa,2021-10-26T22:50:23Z,2022-01-24T22:50:22Z
8f30759934b9587d9f4d9763a6b3265be09fc0859e7e833f6e0fe4b4ba7332fc,2021-12-25T21:48:03Z,2022-03-25T21:48:02Z
ae5e58b93bf696df1c579213ea049ab3d29798419e86237be11fa577ce850c2d,2021-12-25T21:58:06Z,2022-03-25T21:58:05Z
bbfc54887e5b2de5c512b8367fe82a0159054a05fdc838e644ff0df651a001a4,2021-11-12T18:20:21Z,2022-02-10T18:20:20Z
3190e0ce797132f82f0bd724e7b0e0d5373c06b31ce6059b70afcfe35cf1c96e,2021-10-26T22:53:02Z,2022-01-24T22:53:01Z
7535d7739ada8b80d44f1c763c13f06fa778735283a9225e8ce89d2accf44bc3,2021-10-26T22:50:27Z,2022-01-24T22:50:26Z
59d5066293686ef734b2bf7dcbcff3da139bd54a91327de96b98d04104df7622,2021-12-14T17:44:59Z,2022-03-14T17:44:58Z
07972587cc058462619b091a530887b2e0f81eaf25c5d060aa503414b2ddbe60,2021-12-25T21:54:54Z,2022-03-25T21:54:53Z
3bf975f396921a7888a0f772b27a41757ed80dbbf4917b976866361def6c1661,2021-12-26T15:04:47Z,2022-03-26T15:04:46Z
67796e70877534c04775ac5d56eaa044632c9ae9b9b85df7c528a8941e457d01,2021-12-26T15:04:49Z,2022-03-26T15:04:48Z
2b0126d98871dfb90f14e268a5c7acd6b0194e49f24a0cf68b6948946a854fa2,2021-10-22T13:20:05Z,2022-01-20T13:20:04Z
8836e5e3eb0229738d198180cec990a07cee0f8eaeb06281590c31ceb063d1e1,2021-10-27T00:00:00Z,2022-01-25T23:59:59Z
0c8108429f1477dab77e6ba199726e8bbe938d0db9c9bbbeed093fe09645ec6c,2021-12-26T15:04:43Z,2022-03-26T15:04:42Z
f1c9f30b5cd59fbeef6b4431b7f2d89685bc89c3caa1fee1261a5abd25aea65c,2021-11-01T15:57:29Z,2022-01-30T15:57:28Z
d3a5c14556e40c0dc2a023597edc636854068544edd008f970dd18d2f3aab8a3,2021-11-12T18:20:33Z,2022-02-10T18:20:32Z
5081cf2a79fdf66c7bb8674cc9dc8175e0679ba30b016e9a67c9fd55fc5f331c,2021-11-13T19:17:09Z,2022-02-11T19:17:08Z
db3706f9aa3503139cd8e3b2c930e879a017e2494b04fea90bf8257a64c5a0d7,2021-11-19T13:20:27Z,2022-02-17T13:20:26Z
9e2ad64b475fce1fed0a923834f8748377a7b00181a2fff193ec1d8bbada4b85,2021-05-15T00:00:00Z,2022-05-14T23:59:59Z
2857e7a11f4187300c0eca7e2eaaccb990aa7cd97e10d6c2375f2e225df27b9b,2021-11-23T01:28:22Z,2022-02-21T01:28:21Z
c6307d69ba2c1cf2f95ee6387596ea4d1e9910a4447cc83d515fef042be7fde6,2021-10-26T22:50:33Z,2022-01-24T22:50:32Z
fa9df8928cb64781ab065118c3958e6b6a61b0d59395572777d229d57f75c70d,2021-05-15T00:00:00Z,2022-05-14T23:59:59Z
baf275c397db514ba6f047fe102cda584d9371863f6bff60b6c834451588508e,2021-11-13T17:34:16Z,2022-02-11T17:34:15Z
b9b8dbbc38a845041475cd20abdc6ff06eedab7c2c43f89f8ab6393d8aba66cf,2021-12-26T15:09:37Z,2022-03-26T15:09:36Z
99a57b2c93cc8e44abae21bda51720e994c56cc4638fdd768f092e4bac2a1ac7,2021-12-25T21:58:06Z,2022-03-25T21:58:05Z
07f9045557bd9da357e7feb31643cafb9541eb5dec978d08a6141b5807ba9505,2021-11-23T15:16:11Z,2022-02-21T15:16:10Z
2daff7970dcde855bdaa87cf595ed8b6928d4b02071148fda3f6f6ec5f86ec03,2021-12-25T21:54:54Z,2022-03-25T21:54:53Z
ca8159c6f39c6c8fa867026d36b34f8f41db074dc21a001419f27e0f777f7dff,2021-10-27T00:00:00Z,2022-01-25T23:59:59Z
47fb6e0923a5f9bcce975b215dfa388f4253cf2480b84f485907e5a577eca9a1,2021-11-02T18:24:43Z,2022-01-31T18:24:42Z
ab185247b802c3c44317f5c097ab5cb9802bc24756a455fd8b4e2ffb9a621463,2021-12-25T21:59:35Z,2022-03-25T21:59:34Z
94cb8594664c4b334675c334759cdedf103b73b5cb56c2dc8218973f0fb81d92,2021-12-26T15:09:37Z,2022-03-26T15:09:36Z
a033d6b604ece9bfc0250711eea2c440304ab0c4459d0ae1662441cf6044f3f7,2021-12-25T12:18:02Z,2022-03-25T12:18:01Z
a4ffb2616b3bd5ef367470813b6c02dd0ffeaedc35a90552d9ea5a17671716c9,2021-12-25T21:57:59Z,2022-03-25T21:57:58Z
70bbda32e628b60ef051a24ee220c12d31953fee02368de1f59f11b3f3f7d733,2021-11-19T13:19:26Z,2022-02-17T13:19:25Z
f157b648892bc8cf014e6fc7eecb560e6ffd294b88b728150bb6bcb5dd3d2630,2021-11-16T14:16:34Z,2022-02-14T14:16:33Z
e72f494b0dad22398380b05cf97808b7d4043942d9e509e1377849565a879a39,2021-11-16T14:16:34Z,2022-02-14T14:16:33Z
c4f0157f43981e23e846001b7bd567d743911c86f1161d3e6dc034e0eb72a399,2021-11-02T08:35:38Z,2022-01-31T08:35:37Z
0e866b4fd19802816e3a24d32f47dbf3681b2ae17a6429e1ed1fbb51668e1f7b,2021-11-30T21:14:59Z,2022-02-28T21:14:58Z
47a591d5f4a03ce8cb903309e7a0e0e6c420f1ef0261fed1eeb811745f68ff15,2021-10-27T00:00:00Z,2022-01-25T23:59:59Z
8182611d9b08c688f3662a9b7ef26a779c39e544fe36af06e1f90a6edfb9d8ea,2021-12-25T21:54:45Z,2022-03-25T21:54:44Z
ed289545335a1ed63216d1cdf31239b76ee9146b3d2222bed97d93fbf2f5eefb,2021-11-16T14:16:34Z,2022-02-14T14:16:33Z
507f8cdbfebebabd4e109302cf5b6ec535f74433d23d631eed2825b13b8e7645,2021-11-08T21:14:46Z,2022-02-06T21:14:45Z
13be35f02f683e5eee85b6292d8560327b44e40b9ce58263d589f3f690c64a0b,2021-10-26T23:00:39Z,2022-01-24T23:00:38Z
96e637ecbdaf8fb1bdf67d39f5fe7ddac808fb714423e6aef144a20c655f40dc,2021-12-26T15:09:40Z,2022-03-26T15:09:39Z
c6ff20944b313b3d24cf5cbc0fae9a6698efd793455542acb8b53b004b3da9d3,2021-11-22T06:00:15Z,2022-02-20T06:00:14Z
c3743ecf26b0120bea53bcfe2ba52a7235fdb612f23260406b9ed9dfe09cd78c,2021-12-26T15:04:49Z,2022-03-26T15:04:48Z
f89d247770bf7dbed67c469cd2cc9f30cb0684f310606642ed755426b07c5f97,2021-11-13T21:20:29Z,2022-02-11T21:20:28Z
bc3689ec224c6b24d01c239e79081b481849908dd2f6d5d886baf7a0288ea8cf,2021-10-27T00:00:00Z,2022-01-25T23:59:59Z
c18576e20922319fa9f604347756e9e8affd6f5aa6aa065f7990a89c11cbb11c,2021-12-26T15:09:35Z,2022-03-26T15:09:34Z
b3a4477d78e29ed30def187f6dfa126385ac73c9404443f941fcffaab9bca3cd,2021-11-23T15:16:11Z,2022-02-21T15:16:10Z
33be782e25cc5aff265a364a53433466b31d890f5f2c7bf9bbc879e4ec4c5cd5,2021-12-25T21:54:57Z,2022-03-25T21:54:56Z
bbbf78c7e313d51668f484db5f76f925bc77819ef41ead70b0ac3a4826bd8f2f,2021-12-26T15:09:40Z,2022-03-26T15:09:39Z
9788912d39e351959c1cb2ee11a60f0e5b656aee87185092566e85ed89126ae5,2021-12-26T15:08:42Z,2022-03-26T15:08:41Z
e2fde7b73e4829fe10091f34db58d5750f2e5ad5f6acdfdbfc2056179593d289,2021-12-25T21:49:31Z,2022-03-25T21:49:30Z
13c25aa31620a8abefe07382c7244ac148d2b24f62f9fffc27cc0b045ccd1683,2021-10-26T22:51:03Z,2022-01-24T22:51:02Z
cb8fbfb8fc7e15c0d42d58e1c1d8571327ec095db4579249fb0d6281c1f57fd0,2021-11-23T15:16:11Z,2022-02-21T15:16:10Z
7621a51e0b46658b2530732ba8d82c94baa6df4de804e3a227c3eb579c334dac,2022-01-11T17:20:33Z,2022-04-11T17:20:32Z
e667ed7d578f0fe8b9ab57b70aa4a80d16cd2ea1b55f9200e9d5b9c8b3bde93a,2021-12-26T15:09:42Z,2022-03-26T15:09:41Z
f52fd2e9fb019b71767e12b5eb4792602d587f350d8fb7dd4e30a513f753a3c8,2021-12-26T15:04:50Z,2022-03-26T15:04:49Z
076697b990c2f2d7a28f49cd948f4a4278ab9fcd1aa3a624ab1937fc61bbfe73,2021-12-26T15:09:41Z,2022-03-26T15:09:40Z
506f9a31a3bc4d759fc98c59c677afa1016b64a29700cd517f23d415c9ad97c3,2021-12-26T15:05:15Z,2022-03-26T15:05:14Z
4738ef3d5a4bc76807d72762f8028898f514ff82eb2c3e36989e11facc0243f0,2021-05-15T00:00:00Z,2022-05-14T23:59:59Z
ea1a08202707cbe310c5ff571d01993da65531f50241ddc11fb8d191950d43fc,2021-10-27T00:00:00Z,2022-01-25T23:59:59Z
658db984710e59dd16796429e70b219f1fe7307434a382cfb635a8dc4dd6e10f,2021-11-19T13:17:16Z,2022-02-17T13:17:15Z
4268f7697ee2cec9c5402b2b4d7937bf6abd6208ea34b310ca800ebaf2853242,2021-11-11T15:33:38Z,2022-02-09T15:33:37Z
b46767fcf3c4ee590c5711a128881cb3c9242c929f78274d296701706f742129,2021-12-25T21:54:58Z,2022-03-25T21:54:57Z
88ed604153d8537f5c88eba97c7883f551504c4ec5798d498ca58674266c7b95,2021-11-19T14:18:32Z,2022-02-17T14:18:31Z
297550ad8524d9f228c3b5cabcba7e0752c510977e75d2ffdd5dfe6e41b062c9,2021-11-16T14:14:39Z,2022-02-14T14:14:38Z
a94e2b0efd688ad4c6cb4eb12210ea75bed51173d75afd4bee56a390b250fbcb,2021-10-26T22:41:21Z,2022-01-24T22:41:20Z
447b313e4d72b3c362e5a9a067e7ec3c39d898fefe9bd49dc51b0c1385819638,2021-12-26T15:09:35Z,2022-03-26T15:09:34Z
c98e9534e90c2828e8c8de8bc9d232514edab3e3c5aa7f3b0f94bf29647f2fdb,2021-12-25T21:48:03Z,2022-03-25T21:48:02Z
efe0e52dab1f0c7d1784c993de99b714c36ed5a8ba6ca556390992a554e401a3,2021-12-25T21:54:44Z,2022-03-25T21:54:43Z
5f71d9986d83c0fc60192a660cd5f821089c731ac78a4ef49361fd46bb4688e9,2021-12-26T15:04:49Z,2022-03-26T15:04:48Z
10b37c0f15b882756daba00587c93f75c02dab7ba06eb8badf2064d0033e224e,2021-12-26T15:09:41Z,2022-03-26T15:09:40Z
168107f68d6cc7878c752c47006b50dd5642c10699c947e5d6d50500153c2af9,2021-10-27T00:00:00Z,2022-01-25T23:59:59Z
ee300ebf11be8189425b6793a95e70cfea6bd5ca3072a966eca0a7c0dc28a4be,2021-12-25T21:55:03Z,2022-03-25T21:55:02Z
a244038436e1fd1c20695c855349b8269ca96e6f400e77fc97d13758f232eec0,2021-12-26T15:04:55Z,2022-03-26T15:04:54Z
7cf77a0b2783dd7e9acce11529239006525eb21e0dc62d9fb0a7d3476390d440,2021-10-27T00:00:00Z,2022-01-25T23:59:59Z
bc1acf64b3cf6497e596afd3ee9737af4f7753dfe79337ccba76954a7a5daf81,2021-12-25T21:59:35Z,2022-03-25T21:59:34Z
77e833213cc5c1f2fa189088bef1ca2d587d5a839fc930631997409442ae8efd,2021-11-23T15:16:12Z,2022-02-21T15:16:11Z
42d6022ec55d128948b1f8dc461d28e1fc09723133865c4009ee1319636995f5,2021-10-16T23:40:49Z,2022-01-14T23:40:48Z
5aab8d4ad9dc2485df29600e4d1a57bf727f1f1a3a4bdc90ddc417a964d4e7f7,2021-12-26T15:04:55Z,2022-03-26T15:04:54Z
5df535b5c7ddbb3f50ee8e84d0d7b918fc99a8a71b8f7935e7ddcbc9bb2da1ba,2021-10-27T00:00:00Z,2022-01-25T23:59:59Z
595d54efd96251ff4cbfdb6a8f78468c42da791278402b04487af2c68a247ba3,2021-10-26T22:50:23Z,2022-01-24T22:50:22Z
5c8e758cbb0fb380312e998b1a7e11e82f648bbc0937044ddd6972d96685eaea,2021-10-26T22:50:24Z,2022-01-24T22:50:23Z
7d97f6b1fac0c413935271594bcad2636ed0988a8623160b7dfb7676e16b7b8e,2021-11-23T15:16:12Z,2022-02-21T15:16:11Z
debd89d4f0e3282173f7223c0a934c69532b0ec2902fc4b82fa84e6da0a3be13,2021-10-27T00:00:00Z,2022-01-25T23:59:59Z
c263a9a922ecaa1c9221b6bd48408aed69d8425d8f62db8b95ec27bbb0b4c1b9,2021-12-26T15:04:47Z,2022-03-26T15:04:46Z
9de52bea51fed76084c77b47db46ef4c351d263ac6907afa0dfabf8aa4765a05,2021-11-23T15:16:11Z,2022-02-21T15:16:10Z
56ecef6150cbe538a242f43f9c1264d9b07d3966ec922c28b8865918eb4f9ba1,2021-05-15T00:00:00Z,2022-05-14T23:59:59Z
91cae173006c0874f8159487ecf1a32657a23e7c4dc7a2464860e17a5d44bdc0,2021-12-08T22:49:30Z,2022-03-08T22:49:29Z
986486b1654352c49ce4dc2e1b8c6d2fcee3f0d243968ce0dcb0cfb9e2eac818,2021-11-23T15:16:11Z,2022-02-21T15:16:10Z
6099d10c70ec1d92c6fa8aed9f5c2682c15f2d2c549f2c0a3fc482b9c9e0a19e,2021-12-24T22:28:04Z,2022-03-24T22:28:03Z
f5938ec5b2b216617a0715d59746c84d6826944d104072dc36816b55faf24a9a,2021-12-25T21:55:03Z,2022-03-25T21:55:02Z
88ae2c3354d5c375d15db958b083268d95de11bebdbbbef5eb552a71f82e43c7,2021-12-15T23:41:05Z,2022-03-15T23:41:04Z
adf9d4391fd1c589baf676602f9093149760467cac946b68b1974538afbe164a,2021-10-27T00:00:00Z,2022-01-25T23:59:59Z
943f77346da0b65df87c8d2950131a00f7497a15d16c300044ed1cbd9b13184d,2021-10-27T00:00:00Z,2022-01-25T23:59:59Z
b7a3c9db08928c36608bb1d68d554d58f6472834b03dcf3ae97b2388267e92a8,2021-10-27T00:00:00Z,2022-01-25T23:59:59Z
ce0e98d040dee3e0678924b70147b0708341312e1c1ed5deec19a3763b88c73f,2021-11-23T15:16:11Z,2022-02-21T15:16:10Z
8ee0e45a0a1aafa995f98479035208f0d050d344a47536e71de86fa91968aed8,2021-10-26T22:45:07Z,2022-01-24T22:45:06Z
2182c16255c83938061831c3c26fad6705975f580d3bc9d6e9f6ac5df53e8aad,2021-10-26T23:00:38Z,2022-01-24T23:00:37Z
2c886b218c5a7f9d6f963b219b35e6e101e8ad3131a0c19d286c6a49da78db32,2021-11-16T14:14:39Z,2022-02-14T14:14:38Z
feb37c2da923aa760f17174028ddd25acf24669438580a6727a7dfd07b73901b,2021-12-26T15:09:36Z,2022-03-26T15:09:35Z
5bbaa8575ed4cb59214cd63d226000fe4ea53d48f6d33699f07746f51b2a4f82,2021-12-25T21:54:57Z,2022-03-25T21:54:56Z
184039e907225a01e7a5c663f62390aefb97e8f8d6ab13e5c42578aefeb3fc5a,2021-12-25T22:05:14Z,2022-03-25T22:05:13Z
5a0a3e5189d9b0255cb5cf34419a619b493bfd75724bf142145df740bbca062d,2021-12-25T22:09:31Z,2022-03-25T22:09:30Z
5f7a5cdae9b6407f557d956baf73cdd08652f3868dd35b84a1e7ec01c2d9deff,2021-10-27T00:00:00Z,2022-01-25T23:59:59Z
41a9463f93884a421c317a5fc2a411827f3cc709534259c88b607305a52fb055,2021-10-27T00:00:00Z,2022-01-25T23:59:59Z
b8a7703d9348612e8361f26ba9ef3c3f4f83902e2c0e15c299ead61e22824bbc,2021-10-27T00:00:00Z,2022-01-25T23:59:59Z
e38ed8a12380dc2354a7e1331c50286712d89e98777021a3b26a5663d2fb65fd,2021-10-27T00:00:00Z,2022-01-25T23:59:59Z
e2d2527e40298158d0c959416db4fbdc295e66d8d6a4daf5f5f84a1d3e6aea92,2021-10-27T00:00:00Z,2022-01-25T23:59:59Z
8dfcc1ec8f438cae904649922f023f825d8b40a70106c2073b0b4e8c9ec42a8c,2021-05-15T00:00:00Z,2022-05-14T23:59:59Z
0d845c88061d3532945f0f14c19cde860e91f806c6bef4980b51a9bf7a1921d8,2021-12-25T21:55:03Z,2022-03-25T21:55:02Z
83616aac3f4cd17189802581c4db3580df7c989c250ba9edccfd7db6257c9951,2021-10-26T22:50:31Z,2022-01-24T22:50:30Z
c5138586fcc77f161c3ef0cc3b50182e7d2aa83cbf4def74d6f409ea1b856851,2021-11-23T15:16:11Z,2022-02-21T15:16:10Z
f0ea7800402e2692655616dc702c3c5371298825321e084eac3c12d18189a256,2021-10-27T00:00:00Z,2022-01-25T23:59:59Z
77f44ed0ce11af25a5df5ef735b45358e86d877bebf7b6953ba3d32143bead04,2021-10-27T00:00:00Z,2022-01-25T23:59:59Z
8cf9e87bb87e6b5faa51ffc4855b586ac100b06b72b0286bafdbe9ddb4ba265b,2021-10-27T00:00:00Z,2022-01-25T23:59:59Z
65e632540c34416d0acf21647def2fdc1b62520b525d4cb1570bd3b181d9fb82,2021-11-23T15:16:11Z,2022-02-21T15:16:10Z
2abe779cb0daf8f50433abba84d07db85d5cc81b404acb2a7509cbaf9a2ef7dd,2021-10-27T00:00:00Z,2022-01-25T23:59:59Z
8d886798c266e4ffec6163f9dbef2bcf7ec507512c3ce3dcb3230432adfb3eb4,2021-10-27T00:00:00Z,2022-01-25T23:59:59Z
38092242654d34105d73f7b421bc9a48a498e83df7d9d647e41120a9925af548,2021-10-27T00:00:00Z,2022-01-25T23:59:59Z
b3e2db7e1d7e19d04b1c12054ae5c3f1c600d54adc066b0aa25962e27bfab203,2021-10-27T00:00:00Z,2022-01-25T23:59:59Z
4054696200fc0096c4032b8793441b8abf77d9d13cbe0ed4b4dd72d94f5ed3f2,2021-12-26T15:09:41Z,2022-03-26T15:09:40Z
c8f4c6909e616216bf6d9add7b7e465231b7f2fe93021c443dedf6dc77749d16,2021-10-27T00:00:00Z,2022-01-25T23:59:59Z
0f7ea902630cb9d6f93bf8d3d3a239ecc6ba9757aa7d9b8ea03011ca5d07aa39,2021-12-26T15:04:43Z,2022-03-26T15:04:42Z
d2ed6e75831fe12fb60ed47eaf4d0a8f4e3cf04647fef4552672c135e0487d28,2021-11-23T15:16:12Z,2022-02-21T15:16:11Z
42cf1e82d9f13fd5b02878cf2fadfde7bc92914361ae26203fa0f68c0aceed68,2021-10-27T00:00:00Z,2022-01-25T23:59:59Z
ab823338ec8b5854b4dbf3f99ec7f973e6c3b5fe41a673e7fb996f3cd07f52b0,2021-10-27T00:00:00Z,2022-01-25T23:59:59Z
9792b573dd9ffe34f2f8dfa0db6d65d0b8c279981e13b927a0f6c1552a922674,2021-10-26T22:41:21Z,2022-01-24T22:41:20Z
afc82ed711bc807a7c65ebb82ba0cb0223f11d8b800811d072017ef26aa5c8ac,2021-12-26T15:09:42Z,2022-03-26T15:09:41Z
b3766cfffa0bb5f1b964c033ddffcd04125ce80fc61901fcfc5eae95f83bc4b7,2021-10-27T00:00:00Z,2022-01-25T23:59:59Z
ec0eda151c12f8cf596c96d2a2167bdeb2bb7751c0c6295dfb437396b65d0a65,2021-10-26T23:00:39Z,2022-01-24T23:00:38Z
2e9192199ef455c9894452d3a7c4e57baafdee87a4fe9a8a49fa5fc569fc2779,2021-11-16T14:14:38Z,2022-02-14T14:14:37Z
fb49817d22dcb2af3ab9de1a95d213757de2dc16723f25baa843f05f17e81da9,2021-10-27T00:00:00Z,2022-01-25T23:59:59Z
27aa64cdc0138dce659e84bcd77fe6d36c93634c79d4536b1592edfe25be2b6c,2021-10-27T00:00:00Z,2022-01-25T23:59:59Z
5b239208a5c483bc2f1b32ab2f5aded5f1e7fbb2f2933cb5c6c92a3333699617,2021-10-27T00:00:00Z,2022-01-25T23:59:59Z
5d237bc952884321348d43a2194ce5cdbe202a29153344c9f212a0e3fa3ab4ac,2021-10-27T00:00:00Z,2022-01-25T23:59:59Z
c3849609de34e84165f047e076b8e3a67228c4bf0774ce45f7c72401d0457401,2021-11-16T14:16:34Z,2022-02-14T14:16:33Z
ef8ed4cc103251016c88fdc4780b0da065d11967d21528f100878fa3df87e448,2021-10-27T00:00:00Z,2022-01-25T23:59:59Z
83764977141057ada7f3e97fdb0df7b73df4edcd7d628f28171dec4d312125a3,2021-10-27T00:00:00Z,2022-01-25T23:59:59Z
ad602b9dfb960222fa2fe0463b89a5a0a3e665640d9ef8edebd91d4668327d26,2021-10-27T00:00:00Z,2022-01-25T23:59:59Z
5aad1974c7fd64222e0aaff9d1540e6d7e2aaa268566ce7e8e1b027dc5ed4eae,2021-10-27T00:00:00Z,2022-01-25T23:59:59Z
4e68a71391c20131cc0ce1e157e590fcd51be9b180b99838ef714323317f4f6f,2021-10-27T00:00:00Z,2022-01-25T23:59:59Z
3d177d3dd4bce9a95c88e42b757a0aaa2c106bb0cdfe6d75973ccd51a4442b09,2021-11-22T20:24:17Z,2022-02-20T20:24:16Z
03a65b6d11a97c90fa8e494237cd6cbadf23acb31cc67263c8e1f80cfe9ac824,2021-11-22T20:24:17Z,2022-02-20T20:24:16Z
c28901107cf8506370985250fc5352a1f9ab78e27278169cf5f4e961d197a9f8,2021-11-29T18:47:25Z,2022-02-27T18:47:24Z
438877eeef2f794459337f2f9fdce7d72c3b6e6a3096a963b2a10935a4030ff3,2021-11-29T18:47:25Z,2022-02-27T18:47:24Z
